{
    "recall@1": 12.0,
    "recall@5": 56.00000000000001,
    "recall@10": 80.0,
    "map@1": 12.0,
    "map@5": 27.911111111111108,
    "map@10": 31.056613756613753,
    "mrr": 32.17077973521189,
    "mean_cosine_similarity": 0.2638993561267853,
    "mean_loss": 3.723677635192871
}