{
    "recall@1": 33.0,
    "recall@5": 70.0,
    "recall@10": 82.0,
    "map@1": 33.0,
    "map@5": 47.43333333333334,
    "map@10": 48.93690476190476,
    "mrr": 49.77573912587313,
    "mean_cosine_similarity": 0.265926718711853,
    "mean_loss": 2.746666193008423
}