{
    "recall@1": 33.0,
    "recall@5": 70.0,
    "recall@10": 82.0,
    "map@1": 33.0,
    "map@5": 47.516666666666666,
    "map@10": 49.03809523809524,
    "mrr": 49.880063159347046,
    "mean_cosine_similarity": 0.26592135429382324,
    "mean_loss": 2.746237277984619
}