{
    "recall@1": 4.0,
    "recall@5": 28.000000000000004,
    "recall@10": 40.0,
    "map@1": 4.0,
    "map@5": 11.666666666666664,
    "map@10": 13.24021164021164,
    "mrr": 15.958106568745665,
    "mean_cosine_similarity": 0.23862218856811523,
    "mean_loss": 3.911480665206909
}