{
    "recall@1": 56.99999999999999,
    "recall@5": 91.0,
    "recall@10": 95.0,
    "map@1": 56.99999999999999,
    "map@5": 70.63333333333331,
    "map@10": 71.2095238095238,
    "mrr": 71.45585196966775,
    "mean_cosine_similarity": 0.29165393114089966,
    "mean_loss": 1.5624604225158691
}