{
    "recall@1": 56.00000000000001,
    "recall@5": 87.0,
    "recall@10": 95.0,
    "map@1": 56.00000000000001,
    "map@5": 67.84999999999998,
    "map@10": 68.91746031746031,
    "mrr": 69.12941819239772,
    "mean_cosine_similarity": 0.2916308343410492,
    "mean_loss": 1.6886036396026611
}