{
    "recall@1": 4.0,
    "recall@5": 30.666666666666664,
    "recall@10": 53.333333333333336,
    "map@1": 4.0,
    "map@5": 13.066666666666665,
    "map@10": 16.194708994708996,
    "mrr": 18.44940550061742,
    "mean_cosine_similarity": 0.22795316576957703,
    "mean_loss": 3.647498846054077
}