{
    "recall@1": 12.0,
    "recall@5": 58.666666666666664,
    "recall@10": 82.66666666666667,
    "map@1": 12.0,
    "map@5": 28.111111111111114,
    "map@10": 31.295238095238094,
    "mrr": 32.37349979256023,
    "mean_cosine_similarity": 0.2780803442001343,
    "mean_loss": 3.550961971282959
}