{
    "recall@1": 54.0,
    "recall@5": 84.0,
    "recall@10": 96.0,
    "map@1": 54.0,
    "map@5": 65.73333333333333,
    "map@10": 67.41190476190476,
    "mrr": 67.63333333333333,
    "mean_cosine_similarity": 0.2966997027397156,
    "mean_loss": 1.7710652351379395
}