{
    "recall@1": 47.0,
    "recall@5": 85.0,
    "recall@10": 94.0,
    "map@1": 47.0,
    "map@5": 60.31666666666666,
    "map@10": 61.56230158730157,
    "mrr": 61.946470196470194,
    "mean_cosine_similarity": 0.29730331897735596,
    "mean_loss": 1.8431482315063477
}