{
    "recall@1": 50.0,
    "recall@5": 86.0,
    "recall@10": 93.0,
    "map@1": 50.0,
    "map@5": 63.68333333333332,
    "map@10": 64.66904761904762,
    "mrr": 65.11804854352809,
    "mean_cosine_similarity": 0.29400330781936646,
    "mean_loss": 1.8957085609436035
}