{
    "recall@1": 14.666666666666666,
    "recall@5": 60.0,
    "recall@10": 84.0,
    "map@1": 14.666666666666666,
    "map@5": 29.622222222222224,
    "map@10": 32.762433862433866,
    "mrr": 33.763339654949114,
    "mean_cosine_similarity": 0.2795499563217163,
    "mean_loss": 3.500380516052246
}