{
    "recall@1": 51.0,
    "recall@5": 83.0,
    "recall@10": 93.0,
    "map@1": 51.0,
    "map@5": 63.09999999999999,
    "map@10": 64.46984126984127,
    "mrr": 64.90338388314194,
    "mean_cosine_similarity": 0.2927435338497162,
    "mean_loss": 1.887404203414917
}